Step,mass_grown,mass_burnt,trees_grown,trees_burnt,trees_count,trees_mass,ashes_count,ashes_mass,empty_count
100,16689.989,16772.097,1043,1057,16643,220356.473,53148,13571.875,20209
101,16680.643,17798.618,1047,1046,16644,219238.498,53385,13655.761,19971
102,16674.676,15016.724,993,983,16654,220896.451,53627,13515.77,19719
103,16688.8,19869.35,1043,1161,16536,217715.9,53983,13837.932,19481
104,16570.975,15346.34,1016,980,16572,218940.535,54219,13673.996,19209
105,16605.813,16351.25,1049,1014,16607,219195.099,54433,13637.404,18960
106,16639.991,17842.274,1006,1114,16499,217992.816,54774,13760.97,18727
107,16535.682,14034.139,1011,923,16587,220494.359,54930,13458.149,18483
108,16623.859,14803.746,1047,997,16637,222314.472,55113,13260.974,18250
109,16671.635,14458.357,1029,911,16755,224527.75,55237,13068.998,18008
110,16786.515,20316.36,991,1226,16520,220997.905,55677,13510.095,17803
111,16555.148,12604.677,1046,843,16723,224948.376,55716,13103.221,17561
112,16755.442,15405.225,1020,960,16783,226298.593,55888,13041.443,17329
113,16815.738,18673.41,1082,1143,16722,224440.921,56196,13309.998,17082
114,16757.558,19067.153,1009,1179,16552,222131.326,56577,13565.695,16871
115,16584.313,17156.13,1004,1085,16471,221559.509,56875,13633.922,16654
116,16504.28,16635.389,1061,1030,16502,221428.4,57049,13634.547,16449
117,16537.552,19163.357,1030,1171,16361,218802.595,57385,13867.464,16254
118,16401.753,11651.526,1089,770,16680,223552.823,57290,13279.089,16030
119,16712.223,16490.067,979,1019,16640,223774.978,57527,13310.184,15833
120,16671.227,17157.908,1021,1062,16599,223288.297,57759,13413.915,15642
121,16636.869,15833.899,1019,988,16630,224091.266,57896,13315.096,15474
122,16669.204,18905.944,965,1129,16466,221854.526,58222,13521.347,15312
123,16500.116,16218.247,1028,989,16505,222136.395,58381,13483.992,15114
124,16543.873,17902.523,1067,1060,16512,220777.745,58575,13575.988,14913
125,16550.507,15569.328,1007,926,16593,221758.925,58678,13428.759,14729
126,16627.343,16486.455,1014,987,16620,221899.813,58826,13425.442,14554
127,16658.626,15725.76,1098,972,16746,222832.679,58887,13307.839,14367
128,16774.723,20917.819,1006,1287,16465,218689.583,59362,13810.328,14173
129,16502.734,15348.52,1050,953,16562,219843.797,59446,13624.54,13992
130,16600.001,17580.071,1054,1114,16502,218863.728,59669,13678.081,13829
131,16539.648,17639.504,1051,1082,16471,217763.872,59882,13735.389,13647
132,16507.446,14002.259,1038,878,16631,220269.059,59879,13434.06,13490
133,16665.725,17780.678,1029,1029,16631,219154.105,60051,13556.197,13318
134,16663.515,16911.249,1024,1020,16635,218906.372,60221,13599.065,13144
135,16668.424,15781.108,1028,916,16747,219793.688,60261,13516.456,12992
136,16781.519,14363.553,1045,888,16904,222211.655,60289,13290.492,12807
137,16937.629,19864.743,1019,1225,16698,219284.541,60675,13645.257,12627
138,16731.546,14573.049,1025,978,16745,221443.039,60794,13436.119,12461
139,16780.567,16002.827,1035,962,16818,222220.779,60874,13372.687,12308
140,16853.747,18013.966,1042,1165,16695,221060.56,61169,13515.09,12136
141,16726.082,16854.271,977,1010,16662,220932.37,61341,13569.274,11997
142,16696.474,14706.757,1038,938,16762,222922.088,61397,13372.753,11841
143,16797.677,22018.433,1043,1351,16454,217701.332,61843,13916.229,11703
144,16491.977,18342.261,1067,1143,16378,215851.048,62077,14017.041,11545
145,16415.768,15265.695,1048,931,16495,217001.121,62107,13801.995,11398
146,16531.337,15859.815,1045,957,16583,217672.643,62160,13680.744,11257
147,16619.557,14546.504,1024,950,16657,219745.696,62219,13438.305,11124
148,16693.407,14693.24,1056,911,16802,221745.864,62218,13236.135,10980
149,16835.446,20543.38,1013,1243,16572,218037.929,62569,13665.849,10859
150,16605.09,19039.063,1034,1203,16403,215603.956,62893,13905.36,10704
151,16441.633,13961.046,1042,905,16540,218084.543,62890,13563.23,10570
152,16579.937,18617.139,1079,1151,16468,216047.341,63092,13709.189,10440
153,16503.679,10122.563,1057,728,16797,222428.457,62896,13029.418,10307
154,16830.891,17967.15,1058,1122,16733,221292.199,63101,13218.169,10166
155,16764.929,15572.557,953,1010,16676,222484.571,63298,13166.249,10026
156,16707.403,16649.105,951,1035,16592,222542.869,63502,13231.907,9906
157,16625.232,14441.938,1040,910,16722,224726.163,63476,13053.82,9802
158,16750.739,13676.816,981,824,16879,227800.086,63436,12857.471,9685
159,16914.227,15836.694,1137,1024,16992,228877.619,63452,12838.351,9556
160,17028.257,17524.407,1046,1095,16943,228381.469,63631,12980.644,9426
161,16978.983,14998.122,1027,934,17036,230362.33,63656,12858.542,9308
162,17070.627,19496.928,1035,1173,16898,227936.03,63918,13210.733,9184
163,16936.259,16750.644,1056,1066,16888,228121.645,64048,13220.391,9064
164,16929.043,13392.506,1075,869,17094,231658.182,63962,12868.212,8944
165,17125.085,17573.752,1042,1054,17082,231209.515,64100,13058.997,8818
166,17113.59,19852.341,1087,1199,16970,228470.763,64334,13454.024,8696
167,17009.332,19850.002,1097,1257,16810,225630.093,64606,13739.632,8584
168,16843.666,19962.57,1009,1287,16532,222511.189,64995,14058.933,8473
169,16568.461,14522.942,1068,880,16720,224556.708,64927,13777.186,8353
170,16761.36,16469.918,1053,998,16775,224848.15,64973,13674.221,8252
171,16809.858,14750.568,1046,909,16912,226907.44,64944,13468.138,8144
172,16949.003,19010.437,1032,1140,16804,224846.005,65138,13689.343,8058
173,16842.654,18522.745,1066,1145,16725,223165.914,65336,13824.799,7939
174,16765.329,17760.733,1031,1151,16605,222170.51,65545,13855.432,7850
175,16639.051,15763.879,995,1027,16573,223045.682,65662,13739.817,7765
176,16606.767,18342.256,1024,1128,16469,221310.193,65862,13896.159,7669
177,16503.121,18484.545,1020,1138,16351,219328.769,66076,14047.908,7573
178,16389.411,17901.116,1042,1041,16352,217817.063,66163,14087.53,7485
179,16386.637,18796.154,1006,1126,16232,215407.546,66380,14246.66,7388
180,16271.656,18091.683,1052,1060,16224,213587.52,66483,14274.256,7293
181,16258.032,13690.249,1034,880,16378,216155.303,66411,13909.568,7211
182,16413.992,15372.429,1080,970,16488,217196.866,66409,13731.926,7103
183,16526.531,14693,1077,932,16633,219030.398,66362,13481.25,7005
184,16667.635,17476.655,979,1060,16552,218221.378,66543,13569.073,6905
185,16587.93,14703.277,1048,922,16678,220106.03,66524,13359.127,6798
186,16712.071,14874.475,1039,965,16752,221943.626,66555,13204.022,6693
187,16782.678,18761.949,982,1119,16615,219964.355,66764,13483.714,6621
188,16652.761,17246.042,1010,1029,16596,219371.074,66864,13520.096,6540
189,16633.638,15371.342,1034,1015,16615,220633.37,66939,13366.482,6446
190,16647.586,17667.207,1002,1103,16514,219613.749,67109,13503.283,6377
191,16552.512,14192.5,1015,860,16669,221973.762,67029,13225.592,6302
192,16702.283,18093.439,1009,1097,16581,220582.606,67190,13412.826,6229
193,16623.24,15276.11,1028,949,16660,221929.736,67177,13218.998,6163
194,16695.391,20461.298,1064,1270,16454,218163.828,67473,13624.708,6073
195,16489.078,15443.779,1011,967,16498,219209.127,67519,13490.916,5983
196,16527.946,13663.443,1029,899,16628,222073.63,67460,13238.658,5912
197,16665.315,16099.354,1085,980,16733,222639.591,67432,13188.89,5835
198,16766.243,14325.181,1008,921,16820,225080.653,67426,13003.333,5754
199,16852.611,18196.811,1029,1063,16786,223736.452,67541,13229.184,5673
200,16822.659,13342.998,993,865,16914,227216.113,67479,12910.638,5607
201,16950.602,15681.101,1073,982,17005,228485.615,67454,12858.267,5541
202,17040.38,16061.056,1060,991,17074,229464.939,67456,12860.125,5470
203,17108.706,17195.107,1065,1087,17052,229378.539,67555,12981.268,5393
204,17086.106,16943.431,1044,1052,17044,229521.215,67627,13070.528,5329
205,17075.474,19459.049,1003,1213,16834,227137.64,67902,13426.117,5264
206,16867.661,18913.368,1017,1126,16725,225091.933,68074,13671.892,5201
207,16763.266,15887.081,1099,970,16854,225968.117,68020,13549.02,5126
208,16890.802,17811.742,1025,1118,16761,225047.177,68178,13644.072,5061
209,16800.034,14953.953,1070,955,16876,226893.258,68128,13423.752,4996
210,16910.232,17109.208,996,1071,16801,226694.282,68262,13484.21,4937
211,16833.158,18415.296,1000,1177,16624,225112.144,68498,13687.894,4878
212,16662.441,15397.576,1072,943,16753,226377.01,68439,13512.89,4808
213,16785.877,20596.502,1021,1220,16554,222566.385,68704,13925.354,4742
214,16588.915,14209.476,1058,905,16707,224945.824,68618,13639.528,4675
215,16743.742,19663.196,1049,1178,16578,222026.37,68808,13911.215,4614
216,16615.987,15722.744,1048,954,16672,222919.613,68774,13750.487,4554
217,16710.057,18520.887,1073,1160,16585,221108.783,68919,13885.014,4496
218,16618.322,15618.84,1005,946,16644,222108.265,68912,13758.496,4444
219,16680.813,19168.701,1056,1169,16531,219620.377,69083,13968.202,4386
220,16570.272,13301.249,1116,842,16805,222889.399,68874,13548.061,4321
221,16836.748,16592.667,1038,1020,16823,223133.481,68922,13566.788,4255
222,16858.784,19006.213,1018,1169,16672,220986.052,69128,13788.677,4200
223,16705.678,15708.167,1064,969,16767,221983.563,69083,13677.522,4150
224,16798.292,15897.487,1054,1006,16815,222884.367,69090,13617.893,4095
225,16852.15,19306.334,1022,1169,16668,220430.184,69291,13852.389,4041
226,16703.37,15652.775,1048,1023,16693,221480.778,69325,13714.096,3982
227,16732.341,11680.384,1034,782,16945,226532.735,69126,13156.658,3929
228,16978.254,18796.962,1001,1075,16871,224714.027,69253,13421.406,3876
229,16907.88,18633.8,999,1084,16786,222988.107,69387,13610.725,3827
230,16825.012,19825.92,1062,1199,16649,219987.198,69572,13881.139,3779
231,16691.574,19922.097,1069,1162,16556,216756.676,69717,14102.065,3727
232,16597.296,13523.406,1040,890,16706,219830.566,69607,13672.538,3687
233,16736.771,17202.822,991,1071,16626,219364.515,69748,13748.627,3626
234,16661.667,15799.573,1015,995,16646,220226.608,69786,13632.722,3568
235,16678.905,12896.859,1002,824,16824,224008.654,69660,13262.987,3516
236,16859.707,19832.486,1013,1166,16671,221035.875,69870,13598.577,3459
237,16703.518,15635.682,1057,956,16772,222103.711,69816,13509.624,3412
238,16803.489,16653.006,1075,1013,16834,222254.193,69799,13540.565,3367
239,16873.76,14118.302,1109,895,17048,225009.651,69624,13240.5,3328
240,17081.734,18196.697,975,1114,16909,223894.688,69800,13432.517,3291
241,16944.527,14712.194,1020,936,16993,226127.022,69757,13240.738,3250
242,17026.592,18485.765,1058,1142,16909,224667.849,69881,13462.909,3210
243,16942.232,16529.737,1030,1014,16925,225080.344,69913,13470.508,3162
244,16960.916,16579.007,1059,1024,16960,225462.252,69929,13458.117,3111
245,16995.255,16152.104,1013,1016,16957,226305.404,69967,13410.219,3076
246,16989.982,17212.366,1055,1049,16963,226083.02,69993,13493.599,3044
247,16996.875,16186.398,1072,1034,17001,226893.497,69995,13458.005,3004
248,17042.431,15606.769,1038,983,17056,228329.158,69971,13300.002,2973
249,17089.811,18695.263,1026,1134,16948,226723.706,70120,13535.233,2932
250,16983.594,15467.953,1042,1024,16966,228239.347,70150,13408.158,2884
251,16999.127,17552.96,1006,1077,16895,227685.513,70261,13524.496,2844
252,16925.321,18782.317,985,1170,16710,225828.517,70474,13777.391,2816
253,16745.193,14599.079,1030,901,16839,227974.63,70384,13542.824,2777
254,16871.188,15421.159,1057,1017,16879,229424.659,70384,13440.968,2737
255,16915.625,19141.436,1088,1112,16855,227198.849,70448,13681.385,2697
256,16888.625,18212.732,1040,1113,16782,225874.742,70554,13831.891,2664
257,16820.078,18926.321,1021,1127,16676,223768.498,70698,13998.636,2626
258,16712.21,14503.883,1021,946,16751,225976.825,70657,13723.267,2592
259,16790.331,18430.508,1013,1125,16639,224336.649,70797,13840.009,2564
260,16679.011,16747.554,1061,1031,16669,224268.105,70807,13770.668,2524
261,16702.997,17316.226,1033,1056,16646,223654.876,70866,13819.252,2488
262,16680.037,16849.12,1067,1021,16692,223485.793,70851,13815.908,2457
263,16728.669,15186.709,1077,981,16788,225027.752,70779,13622.971,2433
264,16821.593,19424.196,1028,1175,16641,222425.149,70963,13900.758,2396
265,16676.558,15481.252,1041,934,16748,223620.455,70876,13738.788,2376
266,16785.242,15987.893,1037,964,16821,224417.805,70833,13628.516,2346
267,16859.6,17712.457,993,1071,16743,223564.948,70942,13689.507,2315
268,16777.137,16728.466,999,1023,16719,223613.619,70989,13686.173,2292
269,16751.305,18982.39,1063,1175,16607,221382.534,71137,13925.05,2256
270,16647.972,17686.913,1060,1127,16540,220343.594,71231,13932.485,2229
271,16577.095,15951.36,1059,1003,16596,220969.329,71205,13800.513,2199
272,16632.906,16443.22,995,989,16602,221159.016,71227,13732.629,2171
273,16637.503,16772.758,1061,1032,16631,221023.76,71223,13717.117,2146
274,16669.293,16899.733,1044,1028,16647,220793.321,71230,13690.738,2123
275,16683.845,14758.433,1071,963,16755,222718.734,71155,13465.902,2090
276,16789.313,17389.407,995,1144,16606,222118.639,71330,13549.44,2064
277,16639.849,21759.05,1063,1272,16397,216999.438,71564,14065.762,2039
278,16436.592,15958.826,1053,995,16455,217477.204,71525,13898.738,2020
279,16490.737,16086.652,1027,1062,16420,217881.289,71582,13795.897,1998
280,16456.175,15685.558,1078,949,16549,218651.906,71478,13659.286,1973
281,16584.041,12704.483,1055,807,16797,222531.464,71259,13248.438,1944
282,16830.101,16741.931,1004,1047,16754,222619.635,71324,13299.877,1922
283,16790.763,14530.651,967,888,16833,224879.747,71266,13092.085,1901
284,16868.867,14847.489,1023,942,16914,226901.125,71200,12944.822,1886
285,16943.744,13564.822,1066,875,17105,230280.047,71035,12739.125,1860
286,17135.019,17461.11,1006,1061,17050,229953.956,71113,12941.154,1837
287,17084.128,15946.298,1009,1018,17041,231091.786,71151,12934.519,1808
288,17079.134,20807.693,1112,1173,16980,227363.227,71236,13378.631,1784
289,17017.131,22422.405,1045,1321,16704,221957.953,71543,13948.833,1753
290,16740.442,17549.397,998,1111,16591,221148.997,71678,13980.915,1731
291,16629.299,16848.511,1019,1085,16525,220929.786,71761,13922.984,1714
292,16564.324,16267.13,1048,999,16574,221226.979,71736,13803.486,1690
293,16608.056,15444.113,1032,936,16670,222390.922,71663,13661.047,1667
294,16705.914,17612.067,1066,1018,16718,221484.769,71642,13732.919,1640
295,16750.317,19625.204,1048,1243,16523,218609.883,71859,14031.293,1618
296,16560.842,15496.38,1015,1003,16535,219674.345,71864,13837.221,1601
297,16570.661,13047.695,1055,842,16748,223197.311,71671,13437.319,1581
298,16779.399,15027.793,998,973,16773,224948.917,71663,13313.776,1564
299,16806.218,18600.925,994,1112,16655,223154.21,71792,13543.531,1553
300,16687.988,14964.157,984,945,16694,224878.041,71777,13388.704,1529
301,16730.711,17186.936,1148,1015,16827,224421.817,71659,13438.127,1514
302,16859.078,19632.405,1009,1197,16639,221648.49,71870,13768.849,1491
303,16674.919,17610.691,1031,1079,16591,220712.718,71932,13829.759,1477
304,16629.973,17742.517,1089,1106,16574,219600.175,71972,13870.277,1454
305,16608.383,15577.164,1008,982,16600,220631.394,71961,13731.518,1439
306,16639.74,15517.234,1076,984,16692,221753.9,71890,13552.43,1418
307,16728.312,15159.881,1080,968,16804,223322.332,71789,13386.369,1407
308,16838.187,22029.767,1067,1295,16576,218130.752,72045,13943.025,1379
309,16610.321,16338.974,1035,970,16641,218402.098,71997,13873.733,1362
310,16674.339,17018.379,1000,1080,16561,218058.059,72088,13888.144,1351
311,16596.972,15417.929,1031,980,16612,219237.102,72051,13717.372,1337
312,16649.235,13632.591,1054,889,16777,222253.746,71907,13373.776,1316
313,16808.978,13753.948,1008,869,16916,225308.776,71786,13123.989,1298
314,16947.98,17942.805,1011,1132,16795,224313.951,71918,13318.054,1287
315,16826.107,14352.631,981,934,16842,226787.426,71882,13141.553,1276
316,16874.363,21625.911,1072,1227,16687,222035.878,72043,13698.723,1270
317,16719.193,18497.525,1019,1120,16586,220257.546,72164,13888.871,1250
318,16620.238,16942.05,1089,1101,16574,219935.735,72194,13886.043,1232
319,16611.301,18497.651,1072,1081,16565,218049.385,72217,14011.497,1218
320,16599.923,15843.872,1047,1002,16610,218805.437,72191,13880.425,1199
321,16645.375,19191.155,1017,1185,16442,216259.657,72378,14093.12,1180
322,16476.727,14309.069,1004,868,16578,218427.316,72257,13802.167,1165
323,16613.431,16218.926,1058,978,16658,218821.822,72192,13724.963,1150
324,16692.965,16699.466,1025,1051,16632,218815.32,72238,13707.728,1130
325,16665.611,15487.276,1065,995,16702,219993.655,72183,13583.185,1115
326,16735.189,17734.784,1061,1128,16635,218994.06,72268,13699.648,1097
327,16667.577,15873.169,1060,1037,16658,219788.468,72259,13623.803,1083
328,16693.151,18357.829,1032,1152,16538,218123.791,72392,13780.844,1070
329,16576.384,15324.718,1060,1021,16577,219375.457,72366,13589.775,1057
330,16611.409,21376.416,1045,1253,16369,214610.45,72584,14058.754,1047
331,16404.795,17717.921,1015,1121,16263,213297.325,72700,14102.514,1037
332,16300.92,14355.047,1052,905,16410,215243.198,72560,13786.483,1030
333,16444.881,14723.73,1024,904,16530,216964.349,72454,13566.278,1016
334,16565.26,13945.441,1004,926,16608,219584.168,72385,13286.852,1007
335,16643.859,22044.04,1081,1291,16398,214183.987,72605,13839.838,997
336,16430.964,18024.466,993,1128,16263,212590.486,72751,13961.623,986
337,16295.741,13689.677,991,857,16397,215196.55,72629,13639.756,974
338,16430.473,15362.135,1026,927,16496,216264.888,72547,13510.732,957
339,16526.582,15685.091,1004,975,16525,217106.379,72532,13452.933,943
340,16560.109,16227.628,985,1047,16463,217438.86,72614,13414.421,923
341,16496.681,17685.736,1036,1093,16406,216249.805,72688,13538.424,906
342,16441.979,15936.811,1044,1030,16420,216754.973,72686,13454.451,894
343,16453.808,14905.771,1027,948,16499,218303.01,72626,13295.309,875
344,16533.984,15312.38,1050,945,16604,219524.614,72531,13182.16,865
345,16635.865,13490.156,1034,907,16731,222670.322,72417,12926.175,852
346,16764.588,14403.544,1063,908,16886,225031.367,72272,12771.616,842
347,16918.314,16457.624,1066,1049,16903,225492.057,72274,12849.39,823
348,16936.741,21511.618,1010,1386,16527,220917.181,72666,13411.946,807
349,16565.895,16207.821,1119,980,16666,221275.255,72534,13341.475,800
350,16700.047,18686.181,1032,1098,16600,219289.122,72606,13569.522,794
351,16637.128,14482.992,1075,910,16765,221443.258,72452,13326.716,783
352,16803.695,14938.781,993,953,16805,223308.171,72421,13139.67,774
353,16840,17309.894,1079,1082,16802,222838.277,72431,13241.695,767
354,16837.906,15666.675,1057,961,16898,224009.509,72351,13161.035,751
355,16933.613,13503.517,1028,914,17012,227439.604,72249,12874.767,739
356,17042.493,17902.101,1031,1074,16969,226579.995,72307,13103.068,724
357,17002.041,17646.933,1061,1067,16963,225935.103,72325,13260.087,712
358,17003.251,18700.661,1082,1126,16919,224237.693,72376,13441.885,705
359,16952.958,13586.548,1015,904,17030,227604.103,72273,13150.729,697
360,17067.154,15390.046,1033,950,17113,229281.211,72196,13040.272,691
361,17144.094,23712.971,1035,1452,16696,222712.334,72622,13827.697,682
362,16735.883,18521.722,1047,1136,16607,220926.495,72721,13938.152,672
363,16644.768,21666.732,1075,1309,16373,215904.531,72960,14371.101,667
364,16411.945,16836.41,1079,1057,16395,215480.066,72946,14267.123,659
365,16430.953,16976.969,977,1133,16239,214934.049,73108,14214.534,653
366,16275.696,14490.008,1081,960,16360,216719.738,72995,13911.817,645
367,16398.048,14805.503,999,903,16456,218312.282,72908,13658.756,636
368,16493.489,15108.904,1063,975,16544,219696.867,72832,13466.374,624
369,16580.383,17817.461,1025,1101,16468,218459.789,72917,13574.037,615
370,16503.824,17518.026,1003,1063,16408,217445.587,72990,13646.018,602
371,16446.293,18220.552,1007,1089,16326,215671.328,73084,13758.838,590
372,16360.801,18629.186,1027,1118,16235,213402.943,73184,13932.664,581
373,16279.191,15036.195,1078,930,16383,214645.938,73043,13645.3,574
374,16421.53,15917.961,1055,969,16469,215149.508,72964,13525.794,567
375,16503.51,14884.359,1066,919,16616,216768.658,72827,13351.063,557
376,16655.201,14320.834,1073,904,16785,219103.024,72662,13095.235,553
377,16820.112,17752.906,1044,1110,16719,218170.231,72734,13244.99,547
378,16756.843,15404.877,1026,983,16762,219522.197,72695,13120.387,543
379,16795.369,17593.411,1055,1108,16709,218724.155,72758,13267.366,533
380,16744.492,18849.984,1028,1158,16579,216618.664,72891,13506.196,530
381,16612.376,18210.342,1028,1111,16496,215020.698,72986,13676.229,518
382,16535.485,15874.4,1091,1028,16559,215681.783,72931,13540.679,510
383,16599.774,14421.116,1096,895,16760,217860.441,72743,13261.758,497
384,16792.019,11903.335,1013,759,17014,222749.125,72498,12837.749,488
385,17049.289,17411.019,1039,1129,16924,222387.394,72597,12977.477,479
386,16960.075,15250.002,1063,992,16995,224097.467,72540,12880.055,465
387,17028.056,16098.603,1013,1075,16933,225026.92,72608,12904.402,459
388,16966.796,16085.786,1025,1002,16956,225907.929,72590,12918.377,454
389,16986.731,16002.798,1042,996,17002,226891.863,72551,12950.236,447
390,17033.588,14029.263,1042,854,17190,229896.188,72370,12773.845,440
391,17227.281,17180.752,1057,1130,17117,229942.717,72450,12879.011,433
392,17150.913,20906.292,1043,1239,16921,226187.339,72656,13376.521,423
393,16959.355,14773.143,1036,947,17010,228373.55,72574,13170.992,416
394,17043.125,19283.715,1009,1126,16893,226132.96,72696,13484.136,411
395,16927.474,16164.275,1005,1045,16853,226896.159,72740,13441.886,407
396,16887.161,18371.608,995,1147,16701,225411.712,72896,13627.405,403
397,16738.03,18641.957,1061,1093,16669,223507.785,72929,13795.588,402
398,16699.895,14489.424,1026,934,16761,225718.256,72844,13586.92,395
399,16802.472,16967.923,1044,1104,16701,225552.805,72906,13551.775,393
400,16734.644,18826.963,1014,1166,16549,223460.486,73062,13776.498,389
401,16588.113,17607.575,1015,1089,16475,222441.024,73141,13807.589,384
402,16514.593,14953.046,1049,960,16564,224002.57,73054,13565.802,382
403,16593.039,18531.587,988,1123,16429,222064.022,73191,13801.029,380
404,16465.66,12534.85,1048,855,16622,225994.832,73001,13344.467,377
405,16653.283,16310.631,1073,1036,16659,226337.485,72970,13359.533,371
406,16696.612,16918.979,1047,1051,16655,226115.118,72976,13376.971,369
407,16687.85,17636.997,1023,1106,16572,225165.971,73062,13507.322,366
408,16606.846,15789.724,1040,998,16614,225983.093,73021,13421.946,365
409,16645.594,17445.464,1039,1110,16543,225183.222,73099,13539.955,358
410,16574.634,18385.828,968,1088,16423,223372.029,73223,13739.834,354
411,16460.496,13856.025,1030,868,16585,225976.499,73069,13413.989,346
412,16620.126,20998.116,1035,1201,16419,221598.509,73243,13856.272,338
413,16454.096,18968.534,1036,1191,16264,219084.071,73404,14051.634,332
414,16297.821,19025.367,1042,1142,16164,216356.525,73506,14244.615,330
415,16197.249,18676.091,1039,1118,16085,213877.683,73591,14388.525,324
416,16127.255,17995.422,1036,1166,15955,212009.515,73724,14368.922,321
417,15995.869,13756.25,1073,855,16173,214249.134,73514,13939.835,313
418,16208.643,10919.042,1090,726,16537,219538.736,73155,13316.964,308
419,16576.588,14408.267,1016,909,16644,221707.057,73050,13069.799,306
420,16679.55,19811.843,1010,1183,16471,218574.765,73231,13424.05,298
421,16508.154,12618.82,1050,814,16707,222464.099,73001,13009.144,292
422,16744.572,24517.248,1034,1394,16347,214691.422,73363,13821.809,290
423,16390.887,15836.315,1074,992,16429,215245.994,73284,13628.278,287
424,16463.549,12749.118,1053,827,16655,218960.424,73064,13229.425,281
425,16691.003,13933.76,1040,911,16784,221717.667,72941,12975.834,275
426,16817.691,16280.928,1056,1036,16804,222254.431,72924,13003.12,272
427,16834.513,16508.404,1052,1012,16844,222580.54,72885,13079.034,271
428,16879.249,14178.65,1030,944,16930,225281.138,72799,12871.758,271
429,16961.221,18842.541,956,1145,16741,223399.818,72992,13187.846,267
430,16775,17980.136,1025,1075,16691,222194.683,73045,13361.073,264
431,16723.664,21605.58,1063,1291,16463,217312.767,73278,13891.547,259
432,16503.203,14426.94,1059,904,16618,219389.03,73125,13583.256,257
433,16647.731,18162.276,1023,1118,16523,217874.485,73222,13773.58,255
434,16560.443,10448.785,1032,725,16830,223986.143,72919,13104.113,251
435,16864.777,17452.873,1000,1091,16739,223398.048,73012,13225.994,249
436,16775.377,14988.538,1019,944,16814,225184.886,72941,13074.859,245
437,16850.594,14894.609,1058,895,16977,227140.871,72781,12927.489,242
438,17009.577,18237.344,956,1106,16827,225913.105,72936,13165.278,237
439,16859.951,18364.577,1017,1119,16725,224408.478,73041,13388.653,234
440,16758.72,17004.819,1036,1047,16714,224162.379,73056,13446.793,230
441,16747.596,16895.512,1053,1050,16717,224014.463,73058,13489.305,225
442,16757.324,16617.965,1076,1103,16690,224153.822,73086,13439.253,224
443,16726.202,13950.563,1096,853,16933,226929.46,72847,13164.568,220
444,16965.604,16002.615,979,1029,16883,227892.45,72899,13154.935,218
445,16913.103,17408.958,1010,1055,16838,227396.595,72947,13309.413,215
446,16873.31,16081.905,1063,989,16912,228188,72881,13268.871,207
447,16946.302,16533.374,1085,1075,16922,228600.928,72878,13286.605,200
448,16956.349,14306.562,1036,918,17040,231250.715,72764,13079.459,196
449,17072.539,15307.512,1021,936,17125,233015.742,72683,13009.417,192
450,17162.73,19099.894,1059,1189,16995,231078.578,72815,13278.898,190
451,17035.051,21267.12,1108,1298,16805,226846.509,73006,13717.263,189
452,16844.577,16719.644,1006,1048,16763,226971.442,73048,13661.305,189
453,16795.947,13442.801,1013,857,16919,230324.589,72894,13342.927,187
454,16956.184,15957.68,1060,983,16996,231323.092,72819,13269.749,185
455,17030.831,18149.445,1033,1113,16916,230204.478,72902,13444.24,182
456,16949.804,20749.774,1025,1258,16683,226404.507,73139,13870.561,178
457,16721.684,17038.526,1049,1079,16653,226087.665,73172,13839.206,175
458,16691.57,16435.996,1064,1007,16710,226343.239,73116,13751.756,174
459,16743.122,13469.581,1075,857,16928,229616.78,72900,13425.445,172
460,16963.611,19538.775,1056,1204,16780,227041.616,73048,13716.282,172
461,16818.725,21008.326,1043,1215,16608,222852.015,73221,14096.962,171
462,16640.337,17352.843,1055,1059,16604,222139.508,73227,14131.522,169
463,16638.322,14633.289,1038,892,16750,224144.541,73082,13872.796,168
464,16782.207,16620.854,1018,1022,16746,224305.895,73088,13857.738,166
465,16776.619,16847.937,1069,1083,16732,224234.577,73107,13881.189,161
466,16771.152,17344.392,1117,1122,16727,223661.337,73113,13875.14,160
467,16767.997,15725.396,1073,1010,16790,224703.939,73052,13691.19,158
468,16823.971,19112.536,1042,1173,16659,222415.374,73183,13927.583,158
469,16692.74,18646.291,964,1144,16479,220461.824,73363,14095.791,158
470,16517.305,14342.667,1068,912,16635,222636.461,73211,13775.736,154
471,16666.236,12912.373,1014,830,16819,226390.324,73028,13408.28,153
472,16856.972,21812.436,1042,1265,16596,221434.86,73254,13906.947,150
473,16634.721,14505.709,994,934,16656,223563.871,73196,13618.338,148
474,16693.522,18282.162,1047,1092,16611,221975.231,73245,13747.019,144
475,16647.108,17378.932,1040,997,16654,221243.407,73203,13785.234,143
476,16688.976,22500.122,1065,1315,16404,215432.261,73454,14341.939,142
477,16445.371,15544.094,1061,975,16490,216333.538,73370,14089.818,140
478,16527.377,15226.865,1054,912,16632,217634.05,73229,13867.128,139
479,16664.512,16718.962,1052,1066,16618,217579.6,73244,13859.705,138
480,16657.56,20174.489,1072,1270,16420,214062.67,73444,14135.143,136
481,16457.882,13520.969,1049,873,16596,216999.583,73270,13732.788,134
482,16631.814,16551.992,1069,1065,16600,217079.405,73268,13692.386,132
483,16631.622,17385.037,1071,1058,16613,216325.99,73256,13777.052,131
484,16650.018,15301.823,1073,963,16723,217674.185,73149,13596.369,128
485,16756.448,16974.196,1020,1106,16637,217456.437,73237,13633.117,126
486,16674.628,15202.007,1045,958,16724,218929.058,73151,13451.355,125
487,16759.67,14558.669,1101,887,16938,221130.059,72938,13241.055,124
488,16970.989,18121.65,991,1127,16802,219979.398,73075,13432.212,123
489,16833.515,13888.28,1012,931,16883,222924.634,72994,13194.182,123
490,16915.782,15583.762,1056,946,16993,224256.654,72884,13138.105,123
491,17024.165,14322.022,1013,944,17062,226958.797,72815,12976.012,123
492,17092.654,21217.224,983,1326,16719,222834.228,73159,13524.243,122
493,16749.614,15574.461,1030,1015,16734,224009.382,73145,13453.735,121
494,16769.394,19020.933,1052,1169,16617,221757.843,73263,13691.908,120
495,16652.337,22020.308,1035,1447,16205,216389.872,73676,14206.714,119
496,16239.675,16691.912,992,1045,16152,215937.634,73730,14143.159,118
497,16190.082,14401.779,1048,904,16296,217725.937,73588,13826.279,116
498,16334.259,18377.057,1039,1079,16256,215683.139,73628,13937.023,116
499,16294.408,14020.387,1074,906,16424,217957.161,73462,13599.687,114
500,16456.545,14222.413,1028,895,16557,220191.293,73330,13369.055,113
501,16590.924,17525.359,1024,1096,16485,219256.858,73403,13479.368,112
502,16520.337,14803.621,1059,938,16606,220973.574,73284,13293.763,110
503,16640.581,16552.312,1064,999,16671,221061.843,73220,13308.392,109
504,16707.795,16128.463,1089,1026,16734,221641.176,73158,13259.24,108
505,16771.065,14958.71,1031,974,16791,223453.53,73104,13095.604,105
506,16825.647,16011.686,1078,990,16879,224267.491,73016,13075.388,105
507,16910.662,15340.878,1095,973,17001,225837.276,72898,13016.975,101
508,17034.804,16596.821,1046,1049,16998,226275.259,72902,13070.721,100
509,17033.308,21887.317,1018,1340,16676,221421.25,73227,13634.606,97
510,16709.611,18395.073,996,1108,16564,219735.788,73340,13808.155,96
511,16593.983,16679.655,1034,998,16600,219650.116,73304,13825.46,96
512,16633.816,14958.754,986,937,16649,221325.177,73257,13634.448,94
513,16682.979,14169.72,972,865,16756,223838.437,73151,13382.161,93
514,16788.069,14346.337,998,918,16836,226280.169,73072,13189.953,92
515,16871.517,17748.867,1051,1089,16798,225402.819,73111,13326.187,91
516,16829.936,15134.898,1019,904,16913,227097.858,72999,13219.632,88
517,16944.238,17694.318,999,1108,16804,226347.778,73108,13385.961,88
518,16838.923,16352.519,1070,998,16876,226834.182,73038,13368.309,86
519,16913.319,20811.364,1037,1200,16713,222936.137,73201,13776.746,86
520,16749.685,15877.86,1024,1056,16681,223807.961,73233,13656.691,86
521,16713.252,17517.413,979,1088,16572,223003.801,73343,13752.491,85
522,16607.338,17193.838,1074,1021,16625,222417.301,73291,13778.582,84
523,16668.107,18202.601,1024,1147,16502,220882.807,73415,13833.021,83
524,16539.131,17848.937,984,1102,16384,219573,73534,13900.438,82
525,16424.219,15662.304,1055,946,16493,220334.915,73426,13714.656,81
526,16534.526,18516.206,1037,1162,16368,218353.235,73551,13821.074,81
527,16404.401,14619.468,1070,900,16538,220138.168,73381,13573.307,81
528,16570.664,16980.403,1071,1024,16585,219728.429,73336,13620.042,79
529,16622.918,17784.339,1074,1088,16571,218567.008,73351,13695.21,78
530,16607.246,14954.59,1027,921,16677,220219.664,73246,13494.936,77
531,16714.098,16995.834,1040,1029,16688,219937.928,73238,13511.144,74
532,16718.479,12831.97,1015,880,16823,223824.438,73103,13168.913,74
533,16856.299,15972.041,1046,1011,16858,224708.695,73069,13149.537,73
534,16889.728,17148.245,993,1062,16789,224450.179,73138,13263.852,73
535,16828.286,16329.004,1066,981,16874,224949.461,73054,13216.792,72
536,16912.015,19540.522,986,1217,16643,222320.955,73286,13507.03,71
537,16680.798,19095.377,1032,1116,16559,219906.376,73371,13725.68,70
538,16594.292,15453.458,1010,974,16595,221047.21,73335,13580.829,70
539,16628.389,14566.217,1027,957,16665,223109.382,73267,13378.866,68
540,16701.028,18100.793,1018,1133,16550,221709.617,73382,13526.81,68
541,16588.002,18117.02,1055,1088,16517,220180.599,73416,13643.813,67
542,16547.417,12954.983,1057,795,16779,223773.033,73154,13301.178,67
543,16811.257,17772.925,996,1076,16699,222811.365,73235,13458.037,66
544,16735.238,17387.865,1032,1071,16660,222158.738,73275,13524.876,65
545,16701.187,13721.509,1040,816,16884,225138.415,73052,13173.86,64
546,16917.95,17062.728,1031,1068,16847,224993.637,73089,13257.198,64
547,16881.59,15449.1,1040,962,16925,226426.127,73012,13165.074,63
548,16961.469,15652.598,1018,975,16968,227734.998,72969,13085.609,63
549,16998.494,16503.793,982,1017,16933,228229.699,73004,13152.986,63
550,16968.062,16564.207,1039,1028,16944,228633.554,72993,13178.548,63
551,16978.523,18463.869,1077,1120,16901,227148.208,73038,13396.37,61
552,16933.19,15962.046,1055,1007,16949,228119.352,72991,13363.23,60
553,16980.272,20066.342,981,1213,16717,225033.282,73224,13752.092,59
554,16750.25,18340.656,1004,1132,16589,223442.875,73352,13911.703,59
555,16624.721,15590.086,1085,978,16696,224477.51,73246,13758.051,58
556,16732.755,13936.478,1084,919,16861,227273.787,73081,13445.097,58
557,16894.659,18892.362,1033,1173,16721,225276.083,73221,13686.896,58
558,16764.966,21196.427,1077,1267,16531,220844.622,73412,14042.157,57
559,16570.281,15591.817,1037,963,16605,221823.087,73340,13843.589,55
560,16646.99,14478.029,1051,926,16730,223992.048,73216,13529.125,54
561,16763.891,16486.486,1040,968,16802,224269.452,73144,13519.845,54
562,16836.528,18897.798,1039,1177,16664,222208.182,73283,13746.886,53
563,16698.124,19460.268,1019,1204,16479,219446.039,73470,14011.105,51
564,16518.562,18522.003,1049,1134,16394,217442.598,73557,14106.138,49
565,16428.947,15221.101,963,962,16395,218650.444,73559,13903.113,46
566,16431.974,17764.357,1037,1095,16337,217318.06,73617,13956.475,46
567,16369.855,14255.457,1012,869,16480,219432.459,73474,13690.674,46
568,16516.752,13496.133,1050,853,16677,222453.079,73277,13340.452,46
569,16707.317,13095.775,1017,858,16836,226064.62,73118,13043.132,46
570,16867.727,11057.063,1057,802,17091,231875.284,72864,12558.985,45
571,17124.364,19245.81,1026,1064,17053,229753.838,72902,12927.392,45
572,17086.425,16636.137,1074,1006,17121,230204.126,72834,12997.439,45
573,17156.827,12637.322,1045,816,17350,234723.631,72605,12638.982,45
574,17383.657,20736.377,1040,1191,17199,231370.911,72756,13145.808,45
575,17234.41,16345.906,1032,990,17241,232259.415,72715,13147.125,44
576,17276.852,17811.385,1011,1114,17138,231724.882,72818,13290.886,44
577,17170.652,17780.418,1060,1093,17105,231115.116,72852,13445.969,43
578,17138.162,16591.506,1002,1021,17086,231661.773,72871,13462.062,43
579,17122.226,18086.463,1041,1123,17004,230697.536,72953,13598.467,43
580,17042.21,17670.133,1080,1133,16951,230069.613,73007,13661.745,42
581,16984.707,15799.131,1044,936,17059,231255.188,72900,13572.125,41
582,17094.7,18473.377,1031,1157,16933,229876.511,73026,13740.952,41
583,16964.524,17305.279,1037,1036,16934,229535.757,73026,13813.667,40
584,16972.171,20797.984,1023,1217,16740,225709.944,73220,14168.56,40
585,16772.668,16526.38,1011,1017,16734,225956.232,73229,14110.332,37
586,16770.048,21671.005,1001,1262,16473,221055.276,73491,14541.964,36
587,16517.449,14139.866,1007,911,16569,223432.859,73395,14101.71,36
588,16606.761,15546.951,1049,973,16645,224492.669,73322,13906.386,33
589,16679.339,16778.143,1079,1005,16719,224393.865,73249,13884.508,32
590,16753.388,17908.367,984,1104,16599,223238.886,73369,13977.403,32
591,16637.001,15004.3,1045,984,16660,224871.586,73308,13738.084,32
592,16700.725,18621.481,1063,1157,16566,222950.83,73402,13859.901,32
593,16600.822,15913.315,1062,1066,16562,223638.338,73406,13751.841,32
594,16600.816,16227.883,1039,1055,16546,224011.271,73422,13650.1,32
595,16577.684,14764.913,1038,940,16644,225824.042,73325,13476.423,31
596,16674.408,20612.061,989,1203,16430,221886.389,73539,13916.314,31
597,16463.586,13931.906,1016,914,16532,224418.069,73437,13615.6,31
598,16570.876,16780.362,1091,1026,16597,224208.582,73372,13582.193,31
599,16630.174,20905.049,1040,1189,16448,219933.708,73522,14015.913,30
600,16485.252,13484.705,1050,854,16644,222934.255,73329,13627.528,27
601,16680.025,18395.118,1086,1125,16605,221219.161,73368,13780.066,27
602,16637.367,15753.892,1046,977,16674,222102.635,73300,13686.145,26
603,16712.119,17099.967,1060,1037,16697,221714.787,73277,13684.455,26
604,16737.657,16737.84,1061,998,16760,221714.604,73215,13623.88,25
605,16799.188,19910.605,1013,1210,16563,218603.187,73413,13899.864,24
606,16601.486,17608.51,1066,1085,16544,217596.163,73432,13924.356,24
607,16575.882,15175.209,999,942,16601,218996.836,73375,13762.501,24
608,16636.799,13894.141,993,868,16726,221739.494,73252,13453.475,22
609,16763.42,11872.578,1052,782,16996,226630.336,72982,12958.602,22
610,17031.261,22253.569,998,1301,16693,221408.029,73286,13570.746,21
611,16721.826,20376.037,1022,1215,16500,217753.818,73479,13991.843,21
612,16533.076,14460.025,1006,910,16596,219826.869,73383,13740.976,21
613,16630.617,12240.02,1029,815,16810,224217.466,73169,13279.33,21
614,16841.924,21405.219,1052,1212,16650,219654.171,73329,13804.606,21
615,16687.757,14089.631,1052,895,16807,222252.298,73172,13493.292,21
616,16843.59,16820.394,1033,1011,16829,222275.493,73151,13496.688,20
617,16867.702,16522.024,1042,1006,16865,222621.172,73115,13450.899,20
618,16898.251,16888.676,1016,1060,16821,222630.748,73159,13495.416,20
619,16858.585,19745.561,1025,1251,16595,219743.772,73385,13782.165,20
620,16631.186,16278.51,1050,1016,16629,220096.448,73351,13706.128,20
621,16661.36,17979.917,1019,1129,16519,218777.891,73461,13842.264,20
622,16551.156,17452.242,1033,1120,16432,217876.805,73548,13913.856,20
623,16474.51,18741.898,1040,1103,16369,215609.417,73611,14014.069,20
624,16402.499,17045.336,1042,1042,16369,214966.58,73611,14015.708,20
625,16407.455,15910.564,1073,1009,16433,215463.471,73547,13859.099,20
626,16473.494,14361.359,1080,917,16596,217575.605,73384,13544.882,20
627,16632.806,21803.408,1053,1347,16302,212405.004,73678,14039.479,20
628,16338.751,13009.406,1045,818,16529,215734.348,73451,13605.708,20
629,16565.839,13904.289,1061,868,16722,218395.898,73259,13304.019,19
630,16752.366,17011.902,1019,1046,16695,218136.361,73286,13401.516,19
631,16732.01,17499.361,1063,1045,16713,217369.01,73269,13478.214,18
632,16741.788,14720.678,1044,967,16790,219390.12,73192,13343.368,18
633,16822.221,12469.709,1054,814,17030,223742.631,72952,12966.014,18
634,17063.594,16263.329,1037,1020,17047,224542.897,72935,12993.398,18
635,17080.131,16209.612,1030,1011,17066,225413.416,72916,13016.841,18
636,17097.279,15149.255,1009,945,17130,227361.44,72852,12948.576,18
637,17170.809,15044.734,1032,991,17171,229487.515,72812,12790.914,17
638,17204.205,18445.18,1080,1116,17135,228246.54,72850,13057.497,15
639,17172.288,21416.289,1094,1320,16909,224002.539,73076,13557.78,15
640,16940.722,16162.807,1074,1013,16970,224780.454,73015,13532.787,15
641,17008.131,15591.802,1084,998,17056,226196.784,72929,13395.506,15
642,17086.75,16156.615,1036,1003,17089,227126.918,72896,13394.869,15
643,17126.406,22543.999,1037,1383,16743,221709.325,73243,13973.132,14
644,16782.637,17955.237,1064,1114,16693,220536.725,73293,14014.607,14
645,16730.84,13047.363,1064,851,16906,224220.202,73080,13577.32,14
646,16946.706,18150.157,1033,1165,16774,223016.751,73212,13668.252,14
647,16809.159,19537.222,1009,1200,16583,220288.687,73403,13938.722,14
648,16620.339,20367.757,1015,1210,16388,216541.269,73599,14245.57,13
649,16423.451,17673.972,1009,1114,16283,215290.748,73704,14269.355,13
650,16318.897,17033.768,1040,1093,16230,214575.877,73757,14222.72,13
651,16270.024,12873.916,1042,865,16407,217971.984,73580,13727.626,13
652,16439.848,20287.403,1045,1224,16228,214124.43,73760,14087.967,12
653,16264.265,17700.053,1023,1129,16122,212688.642,73866,14122.793,12
654,16159.405,15237.807,1060,993,16189,213610.24,73799,13897.65,12
655,16223.01,16580.366,1037,1064,16162,213252.884,73827,13859.833,11
656,16200.075,16233.465,1052,991,16223,213219.494,73766,13754.52,11
657,16253.62,14566.46,1025,919,16329,214906.655,73660,13560.135,11
658,16368.19,16461.299,1068,1024,16373,214813.546,73616,13497.539,11
659,16407.663,16599.007,1090,1061,16402,214622.202,73587,13495.718,11
660,16435.745,12305.117,1050,800,16652,218752.829,73337,13072.956,11
661,16685.714,16280.609,1046,966,16732,219157.934,73257,13090.293,11
662,16767.607,16806.227,1011,1017,16726,219119.313,73263,13141.428,11
663,16763.73,16900.622,1036,1008,16754,218982.422,73235,13177.774,11
664,16792.848,11877.453,1079,828,17005,223897.817,72984,12698.11,11
665,17032.404,15831.229,1029,1028,17006,225098.992,72983,12764.783,11
666,17040.314,18527.539,1051,1123,16934,223611.767,73055,13032.234,11
667,16970.651,21079.777,997,1295,16636,219502.641,73354,13507.13,10
668,16673.312,17223.746,1043,1052,16627,218952.207,73363,13542.98,10
669,16657.067,18003.486,960,1103,16484,217605.788,73506,13718.425,10
670,16521.415,15126.605,985,963,16506,219000.599,73484,13522.506,10
671,16541.85,17192.03,1043,1092,16457,218350.42,73533,13566.804,10
672,16489.651,16793.226,1061,1047,16471,218046.845,73519,13595.591,10
673,16504.438,18696.7,1037,1142,16366,215854.583,73624,13804.757,10
674,16400.951,15014.746,979,958,16387,217240.788,73603,13611.201,10
675,16425.165,17936.769,1069,1120,16336,215729.184,73655,13700.27,9
676,16368.829,16178.408,1040,1007,16369,215919.605,73622,13652.627,9
677,16401.084,14568.061,1053,922,16500,217752.627,73492,13455.416,8
678,16534.891,16384.204,1017,1019,16498,217903.314,73494,13434.273,8
679,16537.415,14977.279,1077,971,16604,219463.449,73388,13233.84,8
680,16630.879,13112.934,974,851,16727,222981.394,73265,12979.836,8
681,16761.361,20449.23,1022,1242,16507,219293.526,73485,13417.522,8
682,16540.6,14566.413,1016,909,16614,221267.712,73378,13230.009,8
683,16648.838,18194.441,974,1130,16458,219722.11,73534,13412.913,8
684,16486.359,13580.364,1050,845,16663,222628.105,73329,13174.429,8
685,16696.545,19899.488,1022,1175,16510,219425.161,73482,13545.033,8
686,16544.367,18289.177,1054,1124,16440,217680.351,73552,13710.142,8
687,16474.437,15301.118,1069,971,16538,218853.669,73454,13559.306,8
688,16573.171,14968.08,1099,964,16673,220458.76,73320,13383.649,7
689,16708.561,11893.95,1044,821,16896,225273.371,73097,12914.633,7
690,16928.323,19897.09,1089,1194,16791,222304.603,73202,13321.976,7
691,16825.575,17269.345,1025,1088,16728,221860.832,73265,13405.539,7
692,16758.661,20846.265,1012,1219,16521,217773.228,73472,13873.664,7
693,16560.948,17085.003,1045,1096,16470,217249.173,73523,13835.269,7
694,16504.021,14202.181,1039,929,16580,219551.013,73413,13565.775,7
695,16614.572,17606.957,1048,1137,16491,218558.628,73502,13658.744,7
696,16528.361,14015.435,1091,923,16659,221071.553,73334,13358.165,7
697,16686.571,15665.923,986,982,16663,222092.202,73330,13340.803,7
698,16698.908,13381.747,1006,850,16819,225409.363,73174,13021.729,7
699,16851.807,19558.777,1034,1205,16648,222702.392,73346,13380.168,6
700,16684.749,17136.061,1049,1000,16697,222251.081,73297,13425.013,6
701,16730.192,17535.253,1012,1106,16603,221446.02,73391,13537.307,6
702,16634.628,17576.464,1009,1065,16547,220504.184,73447,13656.567,6
703,16585.632,17758.726,1059,1079,16527,219331.091,73467,13719.094,6
704,16559.147,17650.669,998,1090,16435,218239.569,73559,13822.928,6
705,16468.485,18361.891,1021,1157,16299,216346.163,73695,13975.459,6
706,16334.289,14003.418,1086,848,16537,218677.033,73457,13660.655,6
707,16575.416,18112.33,1041,1128,16450,217140.12,73544,13760.08,6
708,16485.163,17819.837,1028,1109,16369,215805.445,73625,13849.593,6
709,16403.908,15918.273,1093,967,16495,216291.08,73499,13742.288,6
710,16529.885,16754.774,1028,1001,16522,216066.191,73472,13729.568,6
711,16560.11,17125.685,1047,1033,16536,215500.616,73458,13726.189,6
712,16567.395,17633.28,1018,1082,16472,214434.731,73522,13834.341,6
713,16508.078,14040.405,1085,925,16632,216902.404,73363,13530.249,5
714,16670.648,15095.022,1041,930,16743,218478.03,73252,13338.897,5
715,16775.751,15844.545,1021,1006,16758,219409.236,73237,13294.703,5
716,16792.626,15047.034,1053,1023,16788,221154.828,73207,13158.303,5
717,16824.877,16133.421,1012,982,16818,221846.284,73177,13123.921,5
718,16851.646,17802.645,1011,1109,16720,220895.284,73275,13288.983,5
719,16755.237,17922.946,1000,1135,16585,219727.575,73410,13435.25,5
720,16616.565,13751.681,1030,905,16710,222592.459,73285,13182.809,5
721,16743.228,18030.689,1022,1111,16621,221304.998,73374,13368.547,5
722,16661.324,16761.432,1050,1049,16622,221204.889,73373,13344.919,5
723,16660.151,15458.013,1024,956,16690,222407.028,73305,13212.869,5
724,16724.02,18485.536,1022,1104,16608,220645.512,73387,13433.955,5
725,16644.037,15305.4,995,982,16621,221984.148,73374,13296.769,5
726,16649.999,16150.072,1023,993,16651,222484.075,73344,13321.111,5
727,16684.275,17508.11,1093,1025,16719,221660.241,73276,13440.332,5
728,16755.093,16808.07,1039,1083,16675,221607.264,73320,13452.265,5
729,16710.859,17503.08,1029,1088,16616,220815.043,73379,13534.616,5
730,16651.731,16282.273,1034,946,16704,221184.501,73291,13487.8,5
731,16739.424,18041.432,1030,1109,16625,219882.494,73370,13624.348,5
732,16665.562,18219.273,1062,1138,16549,218328.783,73446,13718.783,5
733,16581.777,19880.108,1030,1236,16343,215030.452,73652,14039.92,5
734,16379.684,15398.109,1052,1000,16395,216012.027,73600,13845.584,5
735,16426.817,19590.062,1003,1142,16256,212848.782,73739,14133.675,5
736,16298.186,15170.437,1122,994,16384,213976.532,73611,13857.673,5
737,16415.425,13662.421,1036,916,16504,216729.535,73491,13555.327,5
738,16537.271,17286.726,1024,1017,16511,215980.08,73485,13629.03,4
739,16547.74,17066.95,1123,1104,16530,215460.87,73466,13642.162,4
740,16566.206,20594.784,1008,1225,16313,211432.292,73683,14011.567,4
741,16346.128,13988.156,971,921,16363,213790.264,73633,13711.076,4
742,16404.229,18798.188,1082,1180,16265,211396.305,73731,13848.727,4
743,16302.393,18154.861,1047,1091,16221,209543.838,73775,13942.804,4
744,16262.532,15935.183,1079,1007,16293,209871.187,73703,13768.252,4
745,16324.445,13815.256,1014,905,16402,212380.376,73594,13489.944,4
746,16438.048,17866.55,1033,1148,16287,210951.874,73709,13603.176,4
747,16325.031,15548.857,1034,984,16337,211728.047,73659,13455.469,4
748,16375.568,16004.801,1086,1051,16372,212098.815,73624,13363.287,4
749,16406.699,13672.313,1057,906,16523,214833.201,73473,13081.896,4
750,16552.62,14184.862,1064,882,16705,217200.959,73291,12925.611,4
751,16740.057,16937.248,1079,1037,16747,217003.768,73249,13011.265,4
752,16781.99,13987.71,1029,925,16851,219798.047,73145,12794,4
753,16889.1,14260.63,1076,897,17030,222426.517,72966,12597.764,4
754,17061.466,16465.513,1039,1001,17068,223022.47,72928,12701.344,4
755,17103.364,15097.945,1079,941,17206,225027.889,72790,12622.729,4
756,17237.13,13591.401,1081,947,17340,228673.617,72656,12439.43,4
757,17375.104,15435.309,1026,1006,17360,230613.412,72636,12423.084,4
758,17396.134,18020.39,1056,1112,17304,229989.156,72692,12657.605,4
759,17336.273,16133.684,1047,1049,17302,231191.746,72694,12714.751,4
760,17337.777,21256.561,1011,1264,17049,227272.961,72947,13246.943,4
761,17078.787,20659.795,1066,1278,16837,223691.953,73159,13720.147,4
762,16872.091,19412.23,1015,1217,16635,221151.813,73361,13973.539,4
763,16676.754,20346.278,1003,1225,16413,217482.29,73583,14235.028,4
764,16457.602,15260.781,1088,964,16537,218679.112,73459,13936.182,4
765,16573.731,17215.131,1106,1037,16606,218037.712,73390,13933.496,4
766,16639.756,16075.821,1018,1038,16586,218601.647,73410,13843.924,4
767,16620.389,14365.466,1042,883,16745,220856.57,73251,13586.578,4
768,16779.335,15198.228,990,997,16738,222437.678,73259,13438.725,3
769,16770.439,14264.246,1018,894,16862,224943.871,73135,13229.325,3
770,16899.183,15182.865,1005,928,16939,226660.19,73058,13090.029,3
771,16968.869,15488.289,1013,966,16986,228140.77,73011,13061.035,3
772,17016.127,17574.992,1015,1079,16922,227581.904,73075,13241.291,3
773,16958.061,12694.252,1026,830,17118,231845.714,72879,12862.034,3
774,17152.367,18341.268,1036,1112,17042,230656.812,72955,13100.656,3
775,17078.904,17632.972,1042,1104,16980,230102.745,73017,13221.748,3
776,17017.44,19119.208,985,1172,16793,228000.977,73204,13474.532,3
777,16830.14,15160.491,1064,951,16906,229670.626,73091,13308.872,3
778,16939.934,17648.119,1051,1079,16878,228962.441,73119,13437.388,3
779,16913.543,19329.584,1075,1173,16780,226546.4,73217,13706.724,3
780,16816.825,16907.375,1041,1036,16785,226455.85,73212,13695.362,3
781,16819.029,21224.925,1017,1294,16508,222049.954,73489,14142.055,3
782,16543.536,18777.785,1062,1142,16428,219815.705,73569,14285.806,3
783,16469.423,14988.305,1050,973,16505,221296.823,73492,13983.25,3
784,16545.547,22635.139,1111,1328,16288,215207.231,73709,14483.514,3
785,16330.072,19391.233,1022,1220,16090,212146.069,73907,14595.641,3
786,16130.36,15115.828,1030,923,16197,213160.601,73800,14284.424,3
787,16230.929,16193.749,1021,977,16241,213197.782,73756,14169.993,3
788,16278.398,15722.075,1055,1014,16282,213754.105,73715,13988.618,3
789,16321.939,16112.454,1032,997,16317,213963.59,73680,13841.55,3
790,16352.26,15960.694,1046,990,16373,214355.157,73624,13736.123,3
791,16408.643,12681.9,1021,803,16591,218081.899,73406,13309.916,3
792,16628.919,15561.941,1023,1002,16612,219148.877,73385,13193.851,3
793,16650.971,19134.916,1076,1180,16508,216664.932,73489,13437.222,3
794,16542.839,12553.033,1046,834,16720,220654.738,73277,13035.252,3
795,16750.961,17215.034,1037,1062,16695,220190.665,73302,13174.582,3
796,16725.076,14407.332,1023,958,16760,222508.409,73237,13027.176,3
797,16787.327,15371.738,1052,932,16880,223923.997,73117,13015.691,3
798,16912.801,18207.278,1070,1092,16858,222629.521,73139,13239.639,3
799,16892.674,18870.937,1090,1138,16810,220651.258,73187,13490.705,3
800,16851.656,13648.719,1037,927,16920,223854.194,73077,13131.605,3
801,16951.887,19357.975,970,1138,16752,221448.107,73245,13467.257,3
802,16787.967,18374.157,1042,1180,16614,219861.917,73383,13634.247,3
803,16646.806,16091.758,1006,1041,16579,220416.965,73419,13584.741,2
804,16613.207,17109.721,1042,1059,16562,219920.452,73436,13629.372,2
805,16599.252,12752.185,1082,821,16823,223767.519,73175,13206.389,2
806,16854.592,18714.432,1052,1081,16794,221907.679,73204,13472.862,2
807,16832.576,15343.598,1059,976,16877,223396.657,73121,13312.752,2
808,16911.771,14552.793,1020,966,16931,225755.634,73067,13123.821,2
809,16965.439,18120.427,1014,1137,16808,224600.647,73190,13313.526,2
810,16841.644,15711.797,1053,952,16909,225730.494,73089,13250.558,2
811,16940.964,16980.181,980,1090,16799,225691.277,73199,13335.845,2
812,16830.104,18433.497,996,1102,16693,224087.884,73305,13565.676,2
813,16725.706,15413.802,996,966,16723,225399.787,73275,13456.138,2
814,16758.28,16212.59,1045,990,16778,225945.478,73220,13414.263,2
815,16814.696,19217.311,1037,1170,16645,223542.863,73353,13664.303,2
816,16685.202,20587.731,1016,1212,16449,219640.334,73549,13994.83,2
817,16485.516,14121.272,1067,917,16599,222004.578,73399,13678.829,2
818,16634.538,19351.546,1036,1171,16464,219287.571,73534,13926.255,2
819,16497.261,17053.665,991,1076,16379,218731.167,73619,13939.649,2
820,16416.623,13557.856,1081,928,16532,221589.934,73466,13562.866,2
821,16559.958,17062.592,987,1073,16446,221087.3,73552,13661.216,2
822,16482.44,12860.037,1045,799,16692,224709.703,73306,13253.138,2
823,16728.664,15997.949,1077,1012,16757,225440.417,73241,13197.647,2
824,16788.95,17336.144,1041,1074,16724,224893.223,73274,13323.947,2
825,16758.714,20993.314,1033,1237,16520,220658.623,73478,13778.458,2
826,16556.685,14714.977,994,966,16548,222500.331,73450,13541.944,2
827,16581.619,17143.244,1033,1052,16529,221938.706,73469,13599.498,2
828,16560.408,12733.693,991,826,16694,225765.421,73304,13230.247,2
829,16724.443,21766.845,1037,1291,16440,220723.02,73558,13809.919,2
830,16482.095,15817.173,1086,982,16544,221387.941,73454,13631.792,2
831,16580.602,15771.341,1018,958,16604,222197.203,73394,13516.327,2
832,16639.523,16851.079,1002,1060,16546,221985.647,73452,13530.097,2
833,16579.678,15218.256,1025,985,16586,223347.069,73412,13395.812,2
834,16623.809,15285.181,1071,948,16709,224685.697,73289,13244.471,2
835,16737.958,17106.181,1007,1058,16658,224317.474,73340,13370.017,2
836,16692.867,15835.019,1012,931,16739,225175.323,73259,13302.711,2
837,16775.329,18969.87,1077,1140,16676,222980.782,73322,13542.47,2
838,16708.1,18869.757,1033,1155,16554,220819.125,73444,13786.294,2
839,16594.222,21437.211,1059,1271,16342,215976.136,73656,14189.389,2
840,16377.628,16843.266,989,1043,16288,215510.498,73710,14134.129,2
841,16329.769,12978.005,1063,819,16532,218862.262,73466,13642.591,2
842,16570.719,13819.173,1062,884,16710,221613.808,73288,13311.782,2
843,16745.5,15736.177,1053,936,16827,222623.131,73171,13234.725,2
844,16858.399,16965.638,991,1054,16764,222515.892,73234,13325.224,2
845,16802.314,14109.991,1024,936,16852,225208.215,73146,13058.876,2
846,16883.492,15660.353,1062,990,16924,226431.354,73074,13035.594,2
847,16957.545,16491.324,1032,1029,16927,226897.575,73071,13079.263,2
848,16965.255,20771.157,1056,1215,16768,223091.673,73230,13504.157,2
849,16805.522,15997.865,1012,1066,16714,223899.33,73284,13415.83,2
850,16748.538,16621.94,1029,1026,16717,224025.927,73281,13425.598,2
851,16752.617,17642.408,1119,1125,16711,223136.137,73287,13526.723,2
852,16746.6,20374.803,1065,1238,16538,219507.933,73460,13891.133,2
853,16577.704,19623.651,1024,1223,16339,216461.987,73659,14107.05,2
854,16376.844,16284.766,1069,1016,16392,216554.064,73606,13984.227,2
855,16429.284,16393.147,1089,1026,16455,216590.201,73543,13889.563,2
856,16492.784,17020.023,1025,1048,16432,216062.962,73566,13862.555,2
857,16468.483,13690.676,1102,888,16646,218840.769,73352,13517.017,2
858,16681.259,17871.226,1074,1084,16636,217650.802,73362,13635.108,2
859,16676.277,16406.593,1051,1029,16658,217920.486,73340,13549.764,2
860,16693.227,14178.371,1028,893,16793,220435.341,73205,13295.583,2
861,16829.314,18563.309,1065,1156,16702,218701.346,73297,13495.531,1
862,16738.859,18806.187,1046,1149,16599,216634.018,73400,13694.866,1
863,16639.843,15802.395,1057,1015,16641,217471.466,73358,13538.032,1
864,16674.743,15105.62,990,959,16672,219040.59,73327,13391.1,1
865,16705.226,18858.551,1030,1091,16611,216887.265,73388,13638.809,1
866,16649.121,17864.962,1027,1082,16556,215671.423,73443,13718.336,1
867,16591.704,15441.643,1069,965,16660,216821.484,73339,13569.332,1
868,16700.246,19635.447,1082,1223,16519,213886.283,73480,13813.726,1
869,16555.022,16406.448,1019,1079,16459,214034.856,73540,13748.803,1
870,16495.028,13584.23,1031,871,16619,216945.654,73380,13408.091,1
871,16651.078,14100.395,997,909,16707,219496.338,73292,13188.619,1
872,16740.325,17102.554,998,1075,16630,219134.109,73369,13280.083,1
873,16664.484,17167.784,1056,1097,16589,218630.809,73410,13358.5,1
874,16624.009,11459.009,1036,762,16863,223795.809,73136,12853.471,1
875,16898.213,15257.614,1052,954,16961,225436.408,73038,12776.967,1
876,16993.56,20690.931,1024,1271,16714,221739.037,73285,13275.325,1
877,16752.686,16675.238,1016,1054,16676,221816.485,73323,13267.144,1
878,16711.053,14279.141,1031,944,16763,224248.397,73236,13052.866,1
879,16795.093,16669.32,1034,1028,16769,224374.17,73230,13125.678,1
880,16800.934,17160.706,1043,1046,16766,224014.398,73233,13241.775,1
881,16805.354,18233.637,1047,1143,16670,222586.115,73329,13386.774,1
882,16702.97,14994.714,1028,945,16753,224294.371,73246,13250.837,1
883,16790.468,19718.745,1094,1170,16677,221366.094,73322,13560.417,1
884,16713.72,16927.762,1053,998,16732,221152.051,73267,13566.675,1
885,16767.352,18174.41,1043,1116,16659,219744.993,73340,13709.281,1
886,16695.327,17410.522,1016,1107,16568,219029.798,73431,13752.461,1
887,16603.683,14158.612,1041,929,16680,221474.868,73319,13471.93,1
888,16715.294,20755.346,1042,1270,16452,217434.816,73547,13882.627,1
889,16489.068,16594.493,1028,1051,16429,217329.391,73570,13820.198,1
890,16467.608,14184.522,1018,884,16563,219612.477,73436,13509.155,1
891,16598.249,17303.404,1033,1090,16506,218907.322,73493,13571.339,1
892,16541.032,18727.041,1039,1153,16392,216721.314,73607,13771.62,1
893,16430.292,18711.55,1021,1174,16239,214440.055,73760,13920.989,1
894,16278.622,12255.711,1010,819,16430,218462.966,73569,13397.862,1
895,16461.099,18419.454,980,1150,16260,216504.611,73739,13620.133,1
896,16300.601,15963.788,1119,1000,16379,216841.425,73620,13489.085,1
897,16412.23,14944.837,1047,959,16467,218308.818,73532,13335.587,1
898,16502.719,17961.277,1074,1154,16387,216850.26,73612,13476.686,1
899,16421.923,19651.303,1091,1154,16324,213620.88,73675,13779.842,1
900,16361.558,18329.474,1056,1161,16219,211652.964,73780,13896.784,1
901,16253.317,13698.491,1027,896,16350,214207.79,73649,13568.104,1
902,16388.88,13564.332,1046,898,16498,217032.337,73501,13217.807,1
903,16529.207,20227.579,1007,1224,16281,213333.965,73718,13637.921,1
904,16319.121,12660.212,1041,842,16480,216992.874,73519,13197.065,1
905,16515.419,17236.33,1042,1090,16432,216271.964,73567,13282.218,1
906,16465.527,16200.554,1080,992,16520,216536.936,73479,13272.312,1
907,16553.373,13799.808,1092,886,16726,219290.501,73273,13024.707,1
908,16758.984,17398.554,1007,1063,16670,218650.931,73329,13165.234,1
909,16705.345,18461.306,1011,1103,16578,216894.97,73421,13376.732,1
910,16614.504,12855.872,1056,823,16811,220653.602,73188,12996.109,1
911,16845.683,15591.413,993,956,16848,221907.871,73151,12943.495,1
912,16884,18392.921,1062,1130,16780,220398.951,73219,13164.435,1
913,16814.403,11824.377,1037,780,17037,225388.977,72962,12720.802,1
914,17071.077,17314.208,1067,1103,17001,225145.846,72998,12873.451,1
915,17035.14,20222.333,1054,1203,16852,221958.653,73147,13301.077,1
916,16887.645,18711.599,1046,1117,16781,220134.7,73218,13521.323,1
917,16817.609,16173.756,1046,1046,16781,220778.552,73218,13457.089,1
918,16813.155,18636.198,1019,1146,16654,218955.509,73345,13685.603,1
919,16689.696,15927.196,1010,989,16675,219718.009,73324,13588.501,1
920,16711.399,19385.056,1039,1194,16520,217044.353,73479,13840.566,1
921,16553.768,14563.836,989,907,16602,219034.285,73397,13608.982,1
922,16637.211,20447.386,1007,1284,16325,215224.11,73674,13975.919,1
923,16362.972,17176.274,1078,1107,16296,214410.807,73703,13954.206,1
924,16331.568,14927.402,995,930,16361,215814.974,73638,13731.409,1
925,16398.293,15558.12,1070,1002,16429,216655.147,73570,13578.443,1
926,16463.882,13792.585,1029,841,16617,219326.444,73382,13285.919,1
927,16650.196,17780.16,1065,1116,16566,218196.48,73433,13436.583,1
928,16600.586,13595.424,1081,861,16786,221201.642,73213,13141.197,1
929,16816.762,14121.417,1006,944,16848,223896.987,73151,12962.359,1
930,16882.265,20020.072,1044,1196,16696,220759.18,73303,13359.747,1
931,16730.234,15222.395,1030,951,16775,222267.019,73224,13237.91,1
932,16811.061,17114.279,1027,1020,16782,221963.8,73217,13300.998,1
933,16814.689,14959.472,1061,961,16882,223819.017,73117,13172.643,1
934,16913.225,18055.332,995,1095,16782,222676.91,73217,13379.884,1
935,16814.089,15818.916,1009,991,16800,223672.084,73199,13334.982,1
936,16835.769,18552.12,1065,1179,16686,221955.733,73313,13534.771,1
937,16721.291,16474.789,1042,1016,16712,222202.235,73287,13511.156,1
938,16751.933,13936.013,1058,909,16861,225018.154,73138,13194.245,1
939,16898.548,17819.156,1038,1102,16797,224097.546,73202,13318.807,1
940,16835.093,13912.77,1057,886,16968,227019.869,73031,13035.366,1
941,16997.599,18172.159,1028,1047,16949,225845.309,73050,13282.655,1
942,16986.127,16914.926,1034,1103,16880,225916.509,73119,13311.743,1
943,16913.172,17270.586,1010,1104,16786,225559.095,73213,13409.081,1
944,16821.482,14072.222,1033,853,16966,228308.356,73033,13156.053,1
945,17004.384,23521.315,1036,1384,16618,221791.425,73381,13847.119,1
946,16657.481,18102.293,1068,1077,16609,220346.613,73390,13917.305,1
947,16643.118,14779.633,1027,910,16726,222210.098,73273,13696.472,1
948,16764.254,17657.515,1042,1096,16672,221316.837,73327,13748.292,1
949,16708.993,14844.566,1035,945,16762,223181.264,73237,13524.984,1
950,16799.653,15947.144,1029,990,16801,224033.772,73198,13428.326,1
951,16839.081,17980.192,1079,1072,16808,222892.661,73191,13540.781,1
952,16842.015,17012.449,994,1114,16688,222722.227,73311,13581.812,1
953,16726.354,19452.724,1041,1199,16530,219995.858,73469,13823.715,1
954,16563.763,13008.179,1038,813,16755,223551.442,73244,13438.292,1
955,16792.954,14959.663,1049,931,16873,225384.733,73126,13248.844,1
956,16905.368,16378.979,997,1037,16833,225911.122,73166,13270.549,1
957,16869.401,16422.552,1097,1024,16906,226357.97,73093,13258.138,1
958,16941.508,13410.23,1034,826,17114,229889.248,72885,12953.774,1
959,17147.13,15461.278,1034,1011,17137,231575.1,72862,12906.358,1
960,17170.584,18835.879,1050,1133,17054,229909.806,72945,13197.05,1
961,17085.64,23134.732,1016,1325,16745,223860.714,73254,13906.063,1
962,16781.056,19235.119,1035,1178,16602,221406.65,73397,14114.463,1
963,16639.297,15507.49,1058,983,16677,222538.457,73322,13918.091,1
964,16719.125,17101.349,1082,1062,16697,222156.233,73302,13857.297,1
965,16735.888,17996.265,1057,1121,16633,220895.856,73366,13921.2,1
966,16665.435,13700.465,1001,871,16763,223860.826,73236,13607.212,1
967,16796.613,18630.996,1029,1143,16649,222026.442,73350,13807.073,1
968,16683.537,17677.596,1046,1095,16600,221032.384,73399,13883.292,1
969,16637.989,11870.503,1008,750,16858,225799.869,73141,13340.116,1
970,16890.663,16194.028,1021,962,16917,226496.504,73082,13331.537,1
971,16953.451,17963.906,1012,1081,16848,225486.049,73151,13466.712,1
972,16884.658,14006.235,1001,886,16963,228364.472,73036,13190.739,1
973,16993.929,18801.555,1037,1123,16877,226556.847,73122,13473.457,1
974,16910.056,19506.142,1064,1211,16730,223960.76,73269,13779.222,1
975,16762.565,20006.112,1015,1253,16492,220717.214,73507,14108.822,1
976,16528.334,23121.503,1033,1388,16137,214124.045,73862,14683.083,1
977,16178.201,13486.241,1082,877,16342,216816.004,73657,14192.594,1
978,16381.423,12138.112,1105,786,16661,221059.315,73338,13632.338,1
979,16695.201,16337.446,1019,997,16683,221417.07,73316,13595.038,1
980,16719.584,18052.736,1084,1151,16616,220083.917,73383,13711.551,1
981,16646.532,15494.394,1030,1021,16625,221236.055,73374,13615.049,1
982,16655.245,16545.927,1043,971,16697,221345.372,73302,13635.936,1
983,16732.538,16770.51,1041,1050,16688,221307.4,73311,13629.55,1
984,16725.61,19503.126,1030,1138,16580,218529.885,73419,13878.416,1
985,16617.88,14881.885,1046,955,16671,220265.879,73328,13637.846,1
986,16707.712,17008.571,1074,1032,16713,219965.021,73286,13644.506,1
987,16743.224,18389.364,1070,1110,16673,218318.881,73326,13846.976,1
988,16712.742,15363.379,1035,972,16736,219668.244,73263,13640.934,1
989,16773.851,14334.53,1063,909,16890,222107.565,73109,13369.632,1
990,16925.337,15618.059,1039,1002,16927,223414.843,73072,13276.438,1
991,16958.967,20441.621,1075,1221,16781,219932.189,73218,13705.251,1
992,16820.28,19113.881,1065,1193,16653,217638.588,73346,13892.598,1
993,16688.914,16147.791,1057,1046,16664,218179.711,73335,13794.888,1
994,16696.058,13917.604,1006,884,16786,220958.165,73213,13518.639,1
995,16817.709,18771.306,1057,1176,16667,219004.568,73332,13758.528,1
996,16705.232,12970.9,1092,845,16914,222738.9,73085,13335.675,1
997,16946.905,16621.178,1037,1053,16898,223064.626,73101,13368.083,1
998,16934.937,19244.426,1030,1178,16750,220755.138,73249,13623.28,1
999,16787.134,17698.043,999,1072,16677,219844.23,73322,13696.546,1
1000,16715.307,15213.975,1039,958,16758,221345.561,73241,13503.526,1
1001,16792.08,18015.452,1009,1065,16702,220122.189,73297,13648.002,1
1002,16734.07,17819.784,1061,1142,16621,219036.475,73378,13776.551,1
1003,16658.825,18347.226,1037,1087,16571,217348.073,73428,13893.193,1
1004,16611.565,15433.156,1039,921,16689,218526.483,73310,13682.103,1
1005,16726.216,16698.417,998,1034,16653,218554.282,73346,13648.787,1
1006,16688.129,18206.732,1033,1147,16539,217035.679,73460,13788.417,1
1007,16573.013,16486.162,1002,996,16545,217122.53,73454,13752.079,1
1008,16577.568,16672.571,1004,1051,16498,217027.528,73501,13751.014,1
1009,16532.542,12976.537,992,868,16622,220583.533,73377,13362.684,1
1010,16656.247,15082.668,993,996,16619,222157.112,73380,13226.461,1
1011,16653.137,12503.627,1018,795,16842,226306.623,73157,12846.941,1
1012,16875.112,17667.57,1063,1100,16805,225514.165,73194,13030.994,1
1013,16837.131,20614.625,1006,1252,16559,221736.672,73440,13500.175,1
1014,16592.6,15897.54,989,965,16583,222431.732,73416,13437.515,1
1015,16613.858,18687.634,975,1108,16450,220357.955,73549,13684.809,1
1016,16485.93,13374.106,1036,848,16638,223469.78,73361,13330.366,1
1017,16666.595,14495.729,1062,901,16799,225640.646,73200,13189.546,1
1018,16834.716,18436.063,1049,1144,16704,224039.298,73295,13392.757,1
1019,16741.161,18853.468,1050,1186,16568,221926.991,73431,13604.381,1
1020,16607.011,15243.902,1006,957,16617,223290.1,73382,13417.238,1
1021,16648.657,13672.554,1045,883,16779,226266.203,73220,13157.86,1
1022,16813.934,19837.294,1039,1192,16626,223242.843,73373,13511.398,1
1023,16661.31,17718.208,1043,1096,16573,222185.944,73426,13614.29,1
1024,16609.024,17098.942,1003,1024,16552,221696.026,73447,13638.54,1
1025,16590.43,13866.436,1028,863,16717,224420.02,73282,13315.457,1
1026,16747.209,17984.05,1033,1085,16665,223183.179,73334,13510.438,1
1027,16699.956,16724.117,1049,1030,16684,223159.017,73315,13517.206,1
1028,16722.363,15996.6,1078,1055,16707,223884.78,73292,13419.881,1
1029,16743.477,17853.312,1104,1094,16717,222774.945,73282,13534.93,1
1030,16755.2,17706.76,1042,1101,16658,221823.384,73341,13608.316,1
1031,16697.219,16515.606,1030,1025,16663,222004.997,73336,13546.074,1
1032,16698.237,16666.776,1059,1077,16645,222036.458,73354,13541.015,1
1033,16679.119,17112.212,978,1027,16596,221603.364,73403,13591.066,1
1034,16630.46,18595.305,1011,1073,16534,219638.519,73465,13781.351,1
1035,16569.124,17485.243,1072,1048,16558,218722.401,73441,13835.622,1
1036,16593.851,17009.87,1078,1060,16576,218306.382,73423,13830.384,1
1037,16615.098,15519.365,1019,1014,16581,219402.116,73418,13647.399,1
1038,16613.981,16442.463,985,1062,16504,219573.633,73495,13630.076,1
1039,16540.352,15564.425,1018,950,16572,220549.561,73427,13496.344,1
1040,16604.375,17186.424,1008,1061,16519,219967.512,73480,13573.975,1
1041,16551.812,19497.008,1054,1204,16369,217022.316,73630,13870.973,1
1042,16402.165,12139.481,1020,824,16565,221284.999,73434,13399.341,1
1043,16599.88,21366.857,1050,1301,16314,216518.023,73685,13882.172,1
1044,16347.712,15685.737,1049,949,16414,217179.998,73585,13759.119,1
1045,16447.645,15596.045,1022,948,16488,218031.599,73511,13640.004,1
1046,16525.684,15686.974,1087,973,16602,218870.309,73397,13505.543,1
1047,16638.278,13352.6,1030,839,16793,222155.986,73206,13163.751,1
1048,16829.59,21753.14,1043,1284,16552,217232.437,73447,13693.379,1
1049,16582.284,16993.073,989,1049,16492,216821.648,73507,13750.79,1
1050,16531.043,12736.837,1035,823,16704,220615.855,73295,13298.004,1
1051,16740.623,18125.084,1033,1106,16631,219231.394,73368,13451.104,1
1052,16664.898,17426.725,998,1100,16529,218469.567,73470,13543.585,1
1053,16565.085,14234.742,1072,912,16689,220799.91,73310,13287.932,1
1054,16727.466,14383.224,1072,917,16844,223144.151,73155,13051.27,1
1055,16875.295,14320.158,984,939,16889,225699.288,73110,12896.502,1
1056,16924.868,15651.73,1081,998,16972,226972.427,73027,12849.209,1
1057,17007.71,23095.69,1046,1414,16604,220884.447,73395,13552.463,1
1058,16637.24,20058.07,984,1194,16394,217463.616,73605,13903.862,1
1059,16433.566,12686.646,1055,786,16663,221210.536,73336,13426.047,1
1060,16699.841,14578.719,1041,953,16751,223331.658,73248,13209.743,1
1061,16786.992,15206.645,1040,961,16830,224912.005,73169,13085.503,1
1062,16861.474,16558.952,1033,1005,16858,225214.528,73141,13149.578,1
1063,16894.16,17849.891,1097,1094,16861,224258.797,73138,13294.17,1
1064,16896.399,19547.923,995,1194,16662,221607.273,73337,13600.952,1
1065,16694.835,14892.14,985,930,16717,223409.968,73282,13434.552,1
1066,16752.644,17095.546,1046,1017,16746,223067.067,73253,13479.852,1
1067,16778.517,16697.078,1066,1045,16767,223148.506,73232,13508.92,1
1068,16804.505,16933.935,1070,1039,16798,223019.076,73201,13513.879,1
1069,16829.589,17594.312,1001,1109,16690,222254.353,73309,13637.62,1
1070,16727.822,14020.98,1020,865,16845,224961.196,73154,13335.554,1
1071,16880.611,19948.17,1070,1214,16701,221893.638,73298,13676.316,1
1072,16737,15050.509,1045,962,16784,223580.129,73215,13489.732,1
1073,16819.326,20129.289,1084,1213,16655,220270.166,73344,13835.754,1
1074,16688.93,19884.157,1038,1184,16509,217074.94,73490,14135.223,1
1075,16543.333,15296.299,1056,927,16638,218321.974,73361,13942.332,1
1076,16673.841,15684.748,1083,988,16733,219311.066,73266,13794.007,1
1077,16768.577,16932.252,1018,1077,16674,219147.391,73325,13787.635,1
1078,16709.701,16362.292,1082,1032,16724,219494.8,73275,13723.794,1
1079,16759.851,15880.775,1045,1067,16702,220373.875,73297,13616.838,1
1080,16736.3,12541.982,1047,816,16933,224568.193,73066,13200.653,1
1081,16962.65,18641.361,992,1173,16752,222889.482,73247,13477.871,1
1082,16790.945,18115.107,1043,1128,16667,221565.321,73332,13591.091,1
1083,16704.024,22155.005,1043,1381,16329,216114.34,73670,14114.264,1
1084,16368.825,17648.382,1045,1080,16294,214834.783,73705,14109.248,1
1085,16326.452,18907.092,1031,1201,16124,212254.143,73875,14296.963,1
1086,16160.134,18190.998,1020,1119,16025,210223.28,73974,14361.156,1
1087,16062.675,11904.689,1037,810,16252,214381.266,73747,13776.437,1
1088,16287.76,19192.882,1000,1152,16100,211476.144,73899,13996.238,1
1089,16137.399,15457.468,1018,955,16163,212156.075,73836,13805.771,1
1090,16195.445,11695.319,1005,735,16433,216656.2,73566,13302.719,1
1091,16464.353,17047.239,985,1013,16405,216073.315,73594,13394.995,1
1092,16440.758,17079.986,1037,1043,16399,215434.086,73600,13441.674,1
1093,16436.216,17053.876,1054,1073,16380,214816.427,73619,13467.947,1
1094,16413.696,17362.183,1069,1083,16366,213867.939,73633,13554.109,1
1095,16404.358,16042.542,1011,982,16395,214229.756,73604,13457.729,1
1096,16430.228,17268.109,1051,1065,16381,213391.875,73618,13521.713,1
1097,16418.143,10899.296,1036,731,16686,218910.722,73313,12925.181,1
1098,16721.575,17869.922,1037,1108,16615,217762.376,73384,13099.48,1
1099,16649.068,16085.162,1050,997,16668,218326.281,73331,13091.44,1
1100,16701.296,12960.626,1023,848,16843,222066.951,73156,12778.692,1
